Airdrie, AB (airdrie-ab), 61581, (51.28597, -114.01062)
Calgary, AB (calgary-ab), 1239220, (51.0460954, -114.065465)
Edmonton, AB (edmonton-ab), 932546, (53.535411, -113.507996)
Grande Prairie, AB (grande+prairie-ab), 63166, (55.17108, -118.7949873)
Lethbridge, AB (lethbridge-ab), 92729, (49.694285, -112.851562)
Medicine Hat, AB (medicine+hat-ab), 63260, (50.04303, -110.679016)
Red Deer, AB (red+deer-ab), 100418, (52.2697395, -113.8181766)
St. Albert, AB (st.+albert-ab), 65589, (53.633239, -113.628845)
Strathcona County, AB (strathcona+county-ab), 98044, (53.5762678, -113.1255397)
Wood Buffalo, AB (wood+buffalo-ab), 71589, (57.6527825, -111.4667003)
Anchorage, AK (anchorage-ak), 287095, (61.2163129, -149.894852)
Birmingham, AL (birmingham-al), 206950, (33.570499, -86.765783)
Huntsville, AL (huntsville-al), 202964, (33.55868, -86.802422)
Mobile, AL (mobile-al), 187746, (39.092585, -84.853229)
Montgomery, AL (montgomery-al), 196268, (33.810124, -86.809849)
Tuscaloosa, AL (tuscaloosa-al), 102819, (33.48874, -86.861648)
Little Rock, AR (little+rock-ar), 197866, (34.7465071, -92.2896267)
Chandler, AZ (chandler-az), 265398, (33.3061605, -111.84125)
Gilbert, AZ (gilbert-az), 257658, (33.3527632, -111.7890373)
Glendale, AZ (glendale-az), 255307, (33.5386858, -112.1859941)
Mesa, AZ (mesa-az), 528159, (33.4151117, -111.8314792)
Peoria, AZ (peoria-az), 179872, (33.5806115, -112.237294)
Phoenix, AZ (phoenix-az), 1708127, (33.4484367, -112.0741417)
Scottsdale, AZ (scottsdale-az), 262647, (33.4942189, -111.9260184)
Surprise, AZ (surprise-az), 147965, (33.6292271, -112.3680189)
Tempe, AZ (tempe-az), 200402, (33.4255056, -111.9400091)
Tucson, AZ (tucson-az), 553571, (32.2228765, -110.9748477)
Abbotsford, BC (abbotsford-bc), 141397, (49.0521162, -122.329479)
Burnaby, BC (burnaby-bc), 232755, (49.2433804, -122.9725459)
Chilliwack, BC (chilliwack-bc), 83788, (49.157677, -121.9514307)
Coquitlam, BC (coquitlam-bc), 139284, (49.2842958, -122.793281)
Delta, BC (delta-bc), 102238, (49.0846258, -123.0579384)
Kamloops, BC (kamloops-bc), 90280, (50.6758269, -120.339415)
Kelowna, BC (kelowna-bc), 127380, (49.8879177, -119.4959025)
Langley, BC (langley-bc), 117285, (49.098648749999995, -122.65923259915698)
Maple Ridge, BC (maple+ridge-bc), 82256, (49.2197345, -122.5997078)
Nanaimo, BC (nanaimo-bc), 90504, (49.163877, -123.938122)
New Westminster, BC (new+westminster-bc), 70996, (49.2067726, -122.9108818)
North Vancouver, BC (north+vancouver-bc), 85935, (49.3206294, -123.0737925)
Port Coquitlam, BC (port+coquitlam-bc), 58612, (49.2621643, -122.7805425)
Prince George, BC (prince+george-bc), 74003, (53.9128645, -122.7453699)
Richmond, BC (richmond-bc), 198309, (49.163168, -123.137414)
Saanich, BC (saanich-bc), 114148, (48.4594315, -123.3764946)
Surrey, BC (surrey-bc), 517887, (49.1913033, -122.8491439)
Vancouver, BC (vancouver-bc), 631486, (49.2608724, -123.113952)
Victoria, BC (victoria-bc), 85792, (48.4283182, -123.3649533)
Anaheim, CA (anaheim-ca), 353676, (33.8347516, -117.911732)
Antioch, CA (antioch-ca), 111605, (38.0049214, -121.805789)
Bakersfield, CA (bakersfield-ca), 385725, (35.3738712, -119.0194639)
Berkeley, CA (berkeley-ca), 122726, (37.8753497, -122.23963364918777)
Burbank, CA (burbank-ca), 101866, (34.1816482, -118.3258554)
Carlsbad, CA (carlsbad-ca), 115599, (33.1580933, -117.3505966)
Chico, CA (chico-ca), 102867, (39.7284945, -121.8374777)
Chula Vista, CA (chula+vista-ca), 272979, (32.6400541, -117.0841955)
Clovis, CA (clovis-ca), 117662, (36.8252277, -119.7029194)
Concord, CA (concord-ca), 128544, (37.9768525, -122.0335624)
Corona, CA (corona-ca), 170996, (33.8752945, -117.5664449)
Costa Mesa, CA (costa+mesa-ca), 112366, (33.6636611, -117.91946518435181)
Daly City, CA (daly+city-ca), 105868, (37.6904826, -122.47267)
Downey, CA (downey-ca), 109202, (33.942215, -118.1235646)
El Cajon, CA (el+cajon-ca), 102401, (32.7947731, -116.962526)
El Monte, CA (el+monte-ca), 112344, (34.0751571, -118.036849)
Elk Grove, CA (elk+grove-ca), 177302, (38.4087993, -121.3716178)
Escondido, CA (escondido-ca), 149943, (33.1216751, -117.0814849)
Fairfield, CA (fairfield-ca), 117580, (38.2493581, -122.039966)
Fontana, CA (fontana-ca), 216173, (34.0922335, -117.435048)
Fremont, CA (fremont-ca), 234569, (37.5482697, -121.988571)
Fresno, CA (fresno-ca), 530267, (36.7295295, -119.70886126075588)
Fullerton, CA (fullerton-ca), 139921, (33.8708215, -117.9294165)
Garden Grove, CA (garden+grove-ca), 171366, (33.7746292, -117.9463717)
Glendale, CA (glendale-ca), 197747, (34.1469416, -118.2478471)
Hayward, CA (hayward-ca), 157966, (37.6688205, -122.080796)
Huntington Beach, CA (huntington+beach-ca), 198246, (33.6783336, -118.0000166)
Inglewood, CA (inglewood-ca), 107203, (33.9562003, -118.353132)
Irvine, CA (irvine-ca), 283700, (33.6856969, -117.8259819)
Jurupa Valley, CA (jurupa+valley-ca), 109745, (33.9798472, -117.4515754)
Lancaster, CA (lancaster-ca), 155822, (34.6981064, -118.1366153)
Long Beach, CA (long+beach-ca), 454681, (33.7690164, -118.191604)
Los Angeles, CA (los+angeles-ca), 3970219, (34.0536909, -118.242766)
Modesto, CA (modesto-ca), 215666, (37.6390972, -120.9968782)
Moreno Valley, CA (moreno+valley-ca), 212349, (33.937517, -117.2305944)
Murrieta, CA (murrieta-ca), 116522, (33.577752399999994, -117.18845420205307)
Norwalk, CA (norwalk-ca), 102635, (33.9092802, -118.0849169)
Oakland, CA (oakland-ca), 424891, (37.8044557, -122.2713563)
Oceanside, CA (oceanside-ca), 174648, (33.1958696, -117.3794834)
Ontario, CA (ontario-ca), 183393, (50.000678, -86.000977)
Orange, CA (orange-ca), 138192, (33.7500378, -117.8704931)
Oxnard, CA (oxnard-ca), 207945, (34.1976308, -119.1803818)
Palmdale, CA (palmdale-ca), 150498, (34.5793131, -118.1171108)
Pasadena, CA (pasadena-ca), 141045, (34.1476452, -118.1444779)
Pomona, CA (pomona-ca), 149212, (34.0553813, -117.7517496)
Rancho Cucamonga, CA (rancho+cucamonga-ca), 178849, (34.1279268, -117.56432205849399)
Rialto, CA (rialto-ca), 104132, (34.1064001, -117.3703235)
Richmond, CA (richmond-ca), 110038, (37.9357576, -122.347748)
Riverside, CA (riverside-ca), 330786, (33.7219991, -116.0372472)
Roseville, CA (roseville-ca), 144725, (38.7521235, -121.2880059)
Sacramento, CA (sacramento-ca), 512838, (38.5810606, -121.493895)
Salinas, CA (salinas-ca), 154868, (36.6744117, -121.6550372)
San Bernardino, CA (san+bernardino-ca), 217491, (34.8253019, -116.0833144)
San Buenaventura (Ventura), CA (san+buenaventura+(ventura)-ca), 107110, (34.3640573, -119.31101594866902)
San Diego, CA (san+diego-ca), 1422420, (32.7174202, -117.1627728)
San Francisco, CA (san+francisco-ca), 866606, (37.7790262, -122.419906)
San Jose, CA (san+jose-ca), 1013616, (37.3361905, -121.890583)
San Mateo, CA (san+mateo-ca), 102398, (37.496904, -122.3330573)
Santa Ana, CA (santa+ana-ca), 331301, (33.7494951, -117.8732213)
Santa Clara, CA (santa+clara-ca), 131055, (37.2333253, -121.6846349)
Santa Clarita, CA (santa+clarita-ca), 209990, (34.3916641, -118.542586)
Santa Maria, CA (santa+maria-ca), 105851, (34.9531295, -120.4358577)
Santa Rosa, CA (santa+rosa-ca), 174613, (38.4404925, -122.7141049)
Simi Valley, CA (simi+valley-ca), 125168, (34.2677404, -118.7538071)
Stockton, CA (stockton-ca), 312716, (37.9577016, -121.2907796)
Sunnyvale, CA (sunnyvale-ca), 151746, (37.3688301, -122.036349)
Temecula, CA (temecula-ca), 113878, (33.4946353, -117.1473661)
Thousand Oaks, CA (thousand+oaks-ca), 126310, (34.1705609, -118.8375937)
Torrance, CA (torrance-ca), 141553, (33.8358492, -118.3406288)
Vacaville, CA (vacaville-ca), 101332, (38.3565773, -121.9877444)
Vallejo, CA (vallejo-ca), 120747, (38.1040864, -122.2566367)
Victorville, CA (victorville-ca), 124982, (34.5361067, -117.2911565)
Visalia, CA (visalia-ca), 135007, (36.3302284, -119.2920585)
Vista, CA (vista-ca), 100636, (33.2000368, -117.2425355)
West Covina, CA (west+covina-ca), 103656, (34.0471735, -117.8963242650494)
Arvada, CO (arvada-co), 121936, (39.8005505, -105.0811573)
Aurora, CO (aurora-co), 387377, (43.6963371, -98.5722461)
Boulder, CO (boulder-co), 107645, (40.102555, -105.3632079)
Centennial, CO (centennial-co), 110156, (39.579155, -104.8769227)
Colorado Springs, CO (colorado+springs-co), 482131, (38.8339578, -104.825348)
Denver, CO (denver-co), 735538, (39.7392364, -104.9848623)
Fort Collins, CO (fort+collins-co), 168234, (40.5508527, -105.0668085)
Greeley, CO (greeley-co), 108958, (38.4570355, -101.8185007)
Lakewood, CO (lakewood-co), 157429, (39.7085736, -105.0846694)
Pueblo, CO (pueblo-co), 112751, (38.187635, -104.5350145)
Thornton, CO (thornton-co), 148113, (51.5030751, -0.2232956)
Westminster, CO (westminster-co), 115046, (39.8366528, -105.0372046)
Bridgeport, CT (bridgeport-ct), 143525, (28.0228228, -82.6975886)
Hartford, CT (hartford-ct), 121535, (41.3403944, -72.0243982)
New Haven, CT (new+haven-ct), 130801, (22.2667238, 114.19238192419849)
Stamford, CT (stamford-ct), 131397, (35.5698636, -80.9308626)
Waterbury, CT (waterbury-ct), 106826, (32.8446313, -116.9778221)
Washington, DC (washington-dc), 712816, (38.8950368, -77.0365427)
Cape Coral, FL (cape+coral-fl), 200972, (26.6059432, -81.9806771)
Clearwater, FL (clearwater-fl), 116552, (27.9658533, -82.8001026)
Coral Springs, FL (coral+springs-fl), 133519, (26.271192, -80.2706044)
Davie, FL (davie-fl), 106621, (26.0628665, -80.2331038)
Fort Lauderdale, FL (fort+lauderdale-fl), 184245, (26.1223084, -80.1433786)
Gainesville, FL (gainesville-fl), 135004, (29.6519684, -82.3249846)
Hialeah, FL (hialeah-fl), 232027, (25.8670439, -80.29146452058569)
Hollywood, FL (hollywood-fl), 154611, (26.0112014, -80.1494901)
Jacksonville, FL (jacksonville-fl), 920570, (30.3321838, -81.655651)
Lakeland, FL (lakeland-fl), 115283, (28.0394654, -81.9498042)
Miami, FL (miami-fl), 471525, (25.7741728, -80.19362)
Miami Gardens, FL (miami+gardens-fl), 109131, (25.9423108, -80.23976495072381)
Miramar, FL (miramar-fl), 141150, (25.9873137, -80.2322706)
Orlando, FL (orlando-fl), 289457, (28.5421109, -81.3790304)
Palm Bay, FL (palm+bay-fl), 116932, (27.9946969, -80.6366144)
Pembroke Pines, FL (pembroke+pines-fl), 174414, (26.0031465, -80.223937)
Pompano Beach, FL (pompano+beach-fl), 112360, (26.2378597, -80.1247667)
Port St. Lucie, FL (port+st.+lucie-fl), 209715, (27.2939333, -80.3503283)
St. Petersburg, FL (st.+petersburg-fl), 267802, (27.7703796, -82.6695085)
Tallahassee, FL (tallahassee-fl), 196326, (30.4380832, -84.2809332)
Tampa, FL (tampa-fl), 407599, (27.9477595, -82.458444)
West Palm Beach, FL (west+palm+beach-fl), 112782, (26.715364, -80.0532942)
Athens-Clarke County unified government, GA (athens-clarke+county+unified+government-ga), 126391, (33.9597677, -83.376398)
Atlanta, GA (atlanta-ga), 512550, (33.7489924, -84.3902644)
Columbus, GA (columbus-ga), 196442, (32.4610708, -84.9880449)
Macon-Bibb, GA (macon-bibb-ga), 152737, (32.8406946, -83.6324022)
Sandy Springs, GA (sandy+springs-ga), 109928, (33.9242688, -84.3785379)
Savannah, GA (savannah-ga), 143632, (43.4129206, -79.7028276)
South Fulton, GA (south+fulton-ga), 102567, (33.5902659, -84.6712292)
Cedar Rapids, IA (cedar+rapids-ia), 134027, (41.9758872, -91.6704053)
Davenport, IA (davenport-ia), 101799, (41.5236436, -90.5776368)
Des Moines, IA (des+moines-ia), 212312, (41.5910323, -93.6046655)
Boise City, ID (boise+city-id), 229776, (43.6166163, -116.200886)
Meridian, ID (meridian-id), 121182, (43.6086295, -116.392326)
Nampa, ID (nampa-id), 103215, (43.5737361, -116.559631)
Aurora, IL (aurora-il), 196383, (41.7571701, -88.3147539)
Chicago, IL (chicago-il), 2677643, (41.8755616, -87.6244212)
Elgin, IL (elgin-il), 110196, (42.03726, -88.2810994)
Joliet, IL (joliet-il), 146673, (41.5263603, -88.0840212)
Naperville, IL (naperville-il), 147986, (41.7728699, -88.1479278)
Peoria, IL (peoria-il), 109428, (40.6938609, -89.5891008)
Rockford, IL (rockford-il), 144835, (42.2713945, -89.093966)
Springfield, IL (springfield-il), 113671, (39.7990175, -89.6439575)
Carmel, IN (carmel-in), 101643, (39.9788017, -86.1189257)
Evansville, IN (evansville-in), 118407, (37.9747645, -87.5558483)
Fort Wayne, IN (fort+wayne-in), 272398, (41.0799898, -85.1386015)
South Bend, IN (south+bend-in), 101868, (41.6833813, -86.2500066)
Kansas City, KS (kansas+city-ks), 152727, (39.1134562, -94.626497)
Olathe, KS (olathe-ks), 141665, (38.8838856, -94.81887)
Overland Park, KS (overland+park-ks), 197381, (38.9742502, -94.6851702)
Topeka, KS (topeka-ks), 124558, (39.049011, -95.677556)
Wichita, KS (wichita-ks), 391731, (37.6922361, -97.3375448)
Lexington-Fayette urban, KY (lexington-fayette+urban-ky), 324735, (38.10551845, -84.55996125434804)
Baton Rouge, LA (baton+rouge-la), 219052, (28.2968872, -82.502277)
Lafayette, LA (lafayette-la), 126535, (31.3704662, -92.4373252)
New Orleans, LA (new+orleans-la), 389476, (29.9759983, -90.0782127)
Shreveport, LA (shreveport-la), 184786, (33.4201744, -96.572744)
Boston, MA (boston-ma), 691531, (42.3602534, -71.0582912)
Cambridge, MA (cambridge-ma), 119192, (42.3750997, -71.1056157)
Lowell, MA (lowell-ma), 110904, (42.6334247, -71.3161718)
Springfield, MA (springfield-ma), 152646, (42.1018764, -72.5886727)
Worcester, MA (worcester-ma), 184570, (42.2625621, -71.8018877)
Winnipeg, MB (winnipeg-mb), 705224, (49.8955367, -97.1384584)
Baltimore, MD (baltimore-md), 586131, (39.2908816, -76.610759)
Ann Arbor, MI (ann+arbor-mi), 119280, (42.2681569, -83.7312291)
Detroit, MI (detroit-mi), 665369, (42.3315509, -83.0466403)
Grand Rapids, MI (grand+rapids-mi), 200031, (42.9632405, -85.6678639)
Lansing, MI (lansing-mi), 117540, (42.7337712, -84.5553805)
Sterling Heights, MI (sterling+heights-mi), 131709, (42.5803122, -83.0302033)
Warren, MI (warren-mi), 132877, (38.7535106, -91.1453948)
Minneapolis, MN (minneapolis-mn), 433111, (44.9772995, -93.2654692)
Rochester, MN (rochester-mn), 119862, (44.0234387, -92.4630182)
St. Paul, MN (st.+paul-mn), 306717, (44.9497487, -93.0931028)
Columbia, MO (columbia-mo), 124769, (38.9464035, -92.3484631580807)
Independence, MO (independence-mo), 116774, (39.0924792, -94.4137923)
Kansas City, MO (kansas+city-mo), 497159, (39.100105, -94.5781416)
Lee's Summit, MO (lee's+summit-mo), 101467, (38.9107156, -94.3821295)
Springfield, MO (springfield-mo), 168090, (37.2166779, -93.2920373)
St. Louis, MO (st.+louis-mo), 297645, (38.6264256, -90.1995853)
Jackson, MS (jackson-ms), 157821, (39.04632065, -82.64344670649042)
Billings, MT (billings-mt), 109736, (45.7874957, -108.49607)
Fredericton, NB (fredericton-nb), 58220, (45.94780155, -66.65347069241668)
Moncton, NB (moncton-nb), 71889, (46.097995, -64.80011)
Saint John, NB (saint+john-nb), 67575, (45.278752, -66.058044)
Cary, NC (cary-nc), 173587, (35.7882893, -78.7812081)
Charlotte, NC (charlotte-nc), 900350, (35.2272086, -80.8430827)
Durham, NC (durham-nc), 285897, (35.996653, -78.9018053)
Fayetteville, NC (fayetteville-nc), 211705, (35.0525759, -78.878292)
Greensboro, NC (greensboro-nc), 297878, (36.0726355, -79.7919754)
High Point, NC (high+point-nc), 113565, (35.9556924, -80.0053176)
Raleigh, NC (raleigh-nc), 474414, (35.7803977, -78.6390989)
Wilmington, NC (wilmington-nc), 124794, (34.2257282, -77.9447107)
Winston-Salem, NC (winston-salem-nc), 248112, (36.0998131, -80.2440518)
Fargo, ND (fargo-nd), 125209, (46.877229, -96.789821)
Lincoln, NE (lincoln-ne), 290505, (40.8088861, -96.7077751)
Omaha, NE (omaha-ne), 478393, (41.2587459, -95.9383758)
Manchester, NH (manchester-nh), 112546, (42.9956397, -71.4547891)
Elizabeth, NJ (elizabeth-nj), 128382, (40.6639916, -74.2107006)
Jersey City, NJ (jersey+city-nj), 262664, (40.7215682, -74.047455)
Newark, NJ (newark-nj), 282520, (40.735657, -74.1723667)
Paterson, NJ (paterson-nj), 144801, (40.9167654, -74.171811)
St. John's, NL (st.+john's-nl), 108860, (47.561701, -52.715149)
Albuquerque, NM (albuquerque-nm), 562540, (35.0841034, -106.650985)
Las Cruces, NM (las+cruces-nm), 105096, (32.3140354, -106.7798078)
Cape Breton, NS (cape+breton-ns), 94285, (46.2950327, -60.93605535048172)
Halifax, NS (halifax-ns), 403131, (44.648618, -63.5859487)
Henderson, NV (henderson-nv), 329172, (36.0301134, -114.9826194)
Las Vegas, NV (las+vegas-nv), 662368, (36.1672559, -115.148516)
North Las Vegas, NV (north+las+vegas-nv), 260098, (36.2005843, -115.121584)
Reno, NV (reno-nv), 259290, (39.5261206, -119.8126581)
Sparks, NV (sparks-nv), 106900, (39.5404679, -119.7487235)
Buffalo, NY (buffalo-ny), 254479, (42.8867166, -78.8783922)
New York, NY (new+york-ny), 8253213, (40.7127281, -74.0060152)
Rochester, NY (rochester-ny), 205225, (43.157285, -77.615214)
Syracuse, NY (syracuse-ny), 141229, (43.0481221, -76.1474244)
Yonkers, NY (yonkers-ny), 200040, (40.9312099, -73.8987469)
Akron, OH (akron-oh), 195994, (41.083064, -81.518485)
Cincinnati, OH (cincinnati-oh), 304548, (39.1014537, -84.5124602)
Cleveland, OH (cleveland-oh), 378589, (41.4996562, -81.6936813)
Columbus, OH (columbus-oh), 903852, (39.9622601, -83.0007065)
Dayton, OH (dayton-oh), 139907, (39.7589478, -84.1916069)
Toledo, OH (toledo-oh), 271455, (41.6529143, -83.5378173)
Broken Arrow, OK (broken+arrow-ok), 111648, (36.0525993, -95.7908195)
Norman, OK (norman-ok), 125762, (35.2225717, -97.4394816)
Oklahoma City, OK (oklahoma+city-ok), 662314, (35.4729886, -97.5170536)
Tulsa, OK (tulsa-ok), 403166, (36.1556805, -95.9929113)
Ajax, ON (ajax-on), 119677, (43.8505287, -79.0208814)
Aurora, ON (aurora-on), 55445, (43.99973, -79.467545)
Barrie, ON (barrie-on), 141434, (44.3893113, -79.6901736)
Belleville, ON (belleville-on), 50716, (44.1633264, -77.3852556)
Brampton, ON (brampton-on), 593638, (43.6858146, -79.7599337)
Brantford, ON (brantford-on), 97496, (43.1408157, -80.2631733)
Burlington, ON (burlington-on), 183314, (43.3248924, -79.7966835)
Caledon, ON (caledon-on), 66502, (43.827060149999994, -79.9061036956765)
Cambridge, ON (cambridge-on), 129920, (43.3600536, -80.3123023)
Chatham-Kent, ON (chatham-kent-on), 101647, (42.41833, -82.0898417)
Clarington, ON (clarington-on), 92013, (43.96868585, -78.65135738273909)
Greater Sudbury, ON (greater+sudbury-on), 161531, (46.49272, -80.991211)
Guelph, ON (guelph-on), 131794, (43.5460516, -80.2493276)
Halton Hills, ON (halton+hills-on), 61161, (43.64701, -80.017604)
Hamilton, ON (hamilton-on), 536917, (43.2560802, -79.8728583)
Kawartha Lakes, ON (kawartha+lakes-on), 75423, (44.575616, -78.8486034)
Kingston, ON (kingston-on), 123798, (44.230687, -76.481323)
Kitchener, ON (kitchener-on), 233222, (43.451291, -80.4927815)
London, ON (london-on), 383822, (42.9537654, -81.2291529)
Markham, ON (markham-on), 328966, (43.8563707, -79.3376825)
Milton, ON (milton-on), 110128, (43.513671, -79.882817)
Mississauga, ON (mississauga-on), 721599, (43.5896231, -79.6443879)
Newmarket, ON (newmarket-on), 84224, (44.056258, -79.461708)
Niagara Falls, ON (niagara+falls-on), 88071, (43.1065603, -79.0639039)
Norfolk County, ON (norfolk+county-on), 64044, (42.7971532, -80.4538365)
North Bay, ON (north+bay-on), 51553, (46.3092115, -79.4607617)
Oakville, ON (oakville-on), 193832, (43.447436, -79.666672)
Oshawa, ON (oshawa-on), 159458, (43.8975558, -78.8635324)
Ottawa, ON (ottawa-on), 934243, (45.4211435, -75.6900574)
Peterborough, ON (peterborough-on), 81032, (44.3048009, -78.3199496)
Pickering, ON (pickering-on), 91771, (43.835765, -79.090576)
Richmond Hill, ON (richmond+hill-on), 195022, (43.880078, -79.439392)
Sarnia, ON (sarnia-on), 71594, (42.9746137, -82.4065585)
Sault Ste. Marie, ON (sault+ste.+marie-on), 73368, (46.52391, -84.320068)
St. Catharines, ON (st.+catharines-on), 133113, (43.1579812, -79.2441003)
Thunder Bay, ON (thunder+bay-on), 107909, (48.406414, -89.259796)
Toronto, ON (toronto-on), 2731571, (43.6534817, -79.3839347)
Vaughan, ON (vaughan-on), 306233, (43.7941544, -79.5268023)
Waterloo, ON (waterloo-on), 104986, (43.4652699, -80.5222961)
Welland, ON (welland-on), 52293, (42.9922181, -79.2484192)
Whitby, ON (whitby-on), 128377, (43.87982, -78.9421751)
Windsor, ON (windsor-on), 217188, (42.317099, -83.0353434)
Bend, OR (bend-or), 101886, (44.0581728, -121.3153096)
Eugene, OR (eugene-or), 173236, (44.0505054, -123.0950506)
Gresham, OR (gresham-or), 110031, (45.4997475, -122.4309766)
Hillsboro, OR (hillsboro-or), 110985, (45.5228939, -122.989827)
Portland, OR (portland-or), 656751, (45.5202471, -122.6741949)
Salem, OR (salem-or), 175891, (44.9391565, -123.033121)
Allentown, PA (allentown-pa), 121470, (40.6022059, -75.4712794)
Philadelphia, PA (philadelphia-pa), 1578487, (39.9527237, -75.1635262)
Pittsburgh, PA (pittsburgh-pa), 299226, (40.4416941, -79.9900861)
Blainville, QC (blainville-qc), 56863, (45.67932, -73.87619)
Brossard, QC (brossard-qc), 85721, (45.4554829, -73.4678904)
Drummondville, QC (drummondville-qc), 75423, (45.8864303, -72.5018764)
Gatineau, QC (gatineau-qc), 276245, (45.4841214, -75.6813728)
Granby, QC (granby-qc), 66222, (45.3990409, -72.721834)
Laval, QC (laval-qc), 422993, (45.60558895, -73.73441730569056)
Longueuil, QC (longueuil-qc), 239700, (45.5333387, -73.4200318)
Lévis, QC (lévis-qc), 143414, (46.7910096, -71.1753274)
Mirabel, QC (mirabel-qc), 50513, (45.652595250000005, -74.06154359364649)
Montreal, QC (montreal-qc), 1704694, (45.5031824, -73.5698065)
Quebec City, QC (quebec+city-qc), 531902, (46.8137431, -71.2084061)
Repentigny, QC (repentigny-qc), 84285, (45.7326055, -73.4528307)
Saguenay, QC (saguenay-qc), 145949, (48.405959, -71.069183)
Saint-Hyacinthe, QC (saint-hyacinthe-qc), 55648, (45.627484, -72.940636)
Saint-Jean-sur-Richelieu, QC (saint-jean-sur-richelieu-qc), 95114, (45.3056879, -73.2533401)
Saint-Jérôme, QC (saint-jérôme-qc), 74346, (45.775426, -74.013176)
Sherbrooke, QC (sherbrooke-qc), 161323, (45.403271, -71.889038)
Terrebonne, QC (terrebonne-qc), 111575, (45.6782015, -73.7424135)
Trois-Rivières, QC (trois-rivières-qc), 134413, (46.3507999, -72.5571257)
Providence, RI (providence-ri), 179270, (51.4325409, -2.6642358)
Charleston, SC (charleston-sc), 139714, (32.7876012, -79.9402728)
Columbia, SC (columbia-sc), 132130, (34.0007493, -81.0343313)
North Charleston, SC (north+charleston-sc), 118752, (32.9131295, -80.0629981965219)
Sioux Falls, SD (sioux+falls-sd), 187809, (43.5460587, -96.7313928)
Regina, SK (regina-sk), 215106, (50.44876, -104.61731)
Saskatoon, SK (saskatoon-sk), 246376, (52.131802, -106.660767)
Chattanooga, TN (chattanooga-tn), 184742, (35.0457219, -85.3094883)
Clarksville, TN (clarksville-tn), 161247, (36.5277607, -87.3588703)
Knoxville, TN (knoxville-tn), 190223, (35.9603948, -83.9210261)
Memphis, TN (memphis-tn), 649705, (35.1490215, -90.0516285)
Murfreesboro, TN (murfreesboro-tn), 150757, (35.8460396, -86.3921096)
Nashville-Davidson metropolitan government, TN (nashville-davidson+metropolitan+government-tn), 671295, (36.2042585, -86.8212516)
Abilene, TX (abilene-tx), 124407, (32.44645, -99.7475905)
Allen, TX (allen-tx), 109379, (33.1031744, -96.6705503)
Amarillo, TX (amarillo-tx), 199654, (35.2072185, -101.8338246)
Arlington, TX (arlington-tx), 398864, (32.701938999999996, -97.10562379033699)
Austin, TX (austin-tx), 995484, (30.2711286, -97.7436995)
Beaumont, TX (beaumont-tx), 115473, (30.0860459, -94.1018461)
Brownsville, TX (brownsville-tx), 183428, (25.9140256, -97.4890856)
Carrollton, TX (carrollton-tx), 139892, (32.9537349, -96.8902816)
College Station, TX (college+station-tx), 119260, (30.5955289, -96.3071042)
Corpus Christi, TX (corpus+christi-tx), 327248, (27.7951482, -97.3942053)
Dallas, TX (dallas-tx), 1343266, (32.7762719, -96.7968559)
Denton, TX (denton-tx), 147515, (33.1838787, -97.1413417)
Edinburg, TX (edinburg-tx), 102374, (26.3013982, -98.1624501)
El Paso, TX (el+paso-tx), 681534, (31.7754152, -106.464634)
Fort Worth, TX (fort+worth-tx), 927720, (32.753177, -97.3327459)
Frisco, TX (frisco-tx), 209980, (33.1506744, -96.8236116)
Garland, TX (garland-tx), 238139, (32.912624, -96.6388833)
Grand Prairie, TX (grand+prairie-tx), 195272, (32.7459645, -96.9977846)
Houston, TX (houston-tx), 2316120, (29.7589382, -95.3676974)
Irving, TX (irving-tx), 240916, (32.8295183, -96.9442177)
Killeen, TX (killeen-tx), 153991, (31.1171441, -97.727796)
Laredo, TX (laredo-tx), 263640, (27.5236998, -99.497352)
League City, TX (league+city-tx), 108477, (29.5074538, -95.0949303)
Lewisville, TX (lewisville-tx), 112232, (33.046233, -96.994174)
Lubbock, TX (lubbock-tx), 262611, (33.5635206, -101.879336)
McAllen, TX (mcallen-tx), 143751, (26.2043691, -98.230082)
McKinney, TX (mckinney-tx), 208272, (33.1976496, -96.6154471)
Mesquite, TX (mesquite-tx), 138916, (32.7666103, -96.599472)
Midland, TX (midland-tx), 147069, (31.83688, -102.0103767)
Odessa, TX (odessa-tx), 125413, (31.8457149, -102.367687)
Pasadena, TX (pasadena-tx), 149440, (29.6910625, -95.2091006)
Pearland, TX (pearland-tx), 123562, (29.5639758, -95.2864299)
Plano, TX (plano-tx), 291296, (33.0136764, -96.6925096)
Richardson, TX (richardson-tx), 121112, (32.9481789, -96.7297206)
Round Rock, TX (round+rock-tx), 137575, (30.5085915, -97.6788056)
San Angelo, TX (san+angelo-tx), 101612, (31.4649685, -100.4405094)
San Antonio, TX (san+antonio-tx), 1567118, (29.4246002, -98.4951405)
Sugar Land, TX (sugar+land-tx), 117875, (29.6196787, -95.6349463)
Tyler, TX (tyler-tx), 108222, (30.7563939, -94.3984613)
Waco, TX (waco-tx), 141377, (31.5520981, -97.114845)
Wichita Falls, TX (wichita+falls-tx), 105405, (33.9137085, -98.4933873)
Provo, UT (provo-ut), 116295, (40.2337289, -111.6587085)
Salt Lake City, UT (salt+lake+city-ut), 204087, (40.7596198, -111.8867975)
West Jordan, UT (west+jordan-ut), 116530, (40.6061308, -111.9396586)
West Valley City, UT (west+valley+city-ut), 133894, (40.6967254, -111.9868211)
Alexandria, VA (alexandria-va), 158726, (33.7237617, -116.2673237)
Chesapeake, VA (chesapeake-va), 247011, (36.7183708, -76.2466798)
Hampton, VA (hampton-va), 135464, (52.5324707, -0.2763797)
Newport News, VA (newport+news-va), 179062, (36.9775016, -76.42977)
Norfolk, VA (norfolk-va), 242803, (36.8968052, -76.2602336)
Richmond, VA (richmond-va), 232226, (-32.8652, 151.5012)
Virginia Beach, VA (virginia+beach-va), 451231, (36.8529841, -75.9774183)
Bellevue, WA (bellevue-wa), 148073, (47.6144219, -122.192337)
Everett, WA (everett-wa), 112482, (47.9673056, -122.2013998)
Kent, WA (kent-wa), 130676, (47.3826903, -122.2270272)
Renton, WA (renton-wa), 101494, (47.4799078, -122.2034496)
Seattle, WA (seattle-wa), 769714, (47.6038321, -122.3300624)
Spokane, WA (spokane-wa), 222050, (47.6571934, -117.4235106)
Spokane Valley, WA (spokane+valley-wa), 102893, (47.6571104, -117.2613936)
Tacoma, WA (tacoma-wa), 219945, (47.2495798, -122.4398746)
Vancouver, WA (vancouver-wa), 186192, (45.6306954, -122.6744557)
Green Bay, WI (green+bay-wi), 103836, (44.5126379, -88.0125794)
Madison, WI (madison-wi), 263094, (43.074761, -89.3837613)
Milwaukee, WI (milwaukee-wi), 589067, (43.0349931, -87.922497)